{"type": "block", "layer": 1, "block": 0, "features": [{"geom": {"triangles": {"v": [18436.987139226636, 10293.586076376028, 0.0, 18430.924639226636, 10285.086076376028, 0.0, 18444.424639226636, 10298.086076376028, 0.0, 18436.299639226636, 9742.586076376028, 0.0, 18459.049639226636, 10300.586076376028, 0.0, 18576.924639226636, 10341.586076376028, 0.0, 18687.237139226636, 10372.086076376028, 0.0, 19113.862139226636, 8667.586076376028, 0.0, 18437.424639226636, 9553.586076376028, 0.0, 18438.549639226636, 9424.586076376028, 0.0, 18440.174639226636, 9197.586076376028, 0.0, 18929.987139226636, 8672.086076376028, 0.0, 18438.924639226636, 9090.586076376028, 0.0, 18440.424639226636, 8976.086076376028, 0.0, 18861.924639226636, 8665.086076376028, 0.0, 18917.424639226636, 8666.586076376028, 0.0, 18731.862139226636, 8661.086076376028, 0.0, 18442.799639226636, 8895.586076376028, 0.0, 18439.549639226636, 8823.586076376028, 0.0, 18441.987139226636, 8746.086076376028, 0.0, 18488.049639226636, 8661.586076376028, 0.0, 18447.112139226636, 8661.086076376028, 0.0, 19351.924639226636, 8670.086076376028, 0.0, 19487.174639226636, 10604.086076376028, 0.0, 19688.612139226636, 10571.086076376028, 0.0, 19636.612139226636, 8670.586076376028, 0.0, 19991.549639226636, 10538.586076376028, 0.0, 19741.424639226636, 10578.586076376028, 0.0, 19707.987139226636, 10585.086076376028, 0.0, 19987.549639226636, 8674.586076376028, 0.0, 20238.924639226636, 10501.586076376028, 0.0, 20334.487139226636, 10468.086076376028, 0.0, 20323.174639226636, 10484.586076376028, 0.0, 20330.487139226636, 10484.586076376028, 0.0, 20205.049639226636, 8672.086076376028, 0.0, 20297.049639226636, 8672.586076376028, 0.0, 20583.174639226636, 10428.086076376028, 0.0, 20403.612139226636, 8672.586076376028, 0.0, 20504.487139226636, 8676.086076376028, 0.0, 20557.174639226636, 8680.586076376028, 0.0, 20536.549639226636, 8673.586076376028, 0.0, 20682.049639226636, 10411.086076376028, 0.0, 20595.174639226636, 8682.586076376028, 0.0, 20621.487139226636, 8683.586076376028, 0.0, 20750.049639226636, 8686.086076376028, 0.0, 21037.237139226636, 10350.586076376028, 0.0, 20844.987139226636, 8688.086076376028, 0.0, 20960.487139226636, 8695.086076376028, 0.0, 21080.362139226636, 8699.586076376028, 0.0, 21913.112139226636, 9305.086076376028, 0.0, 21476.487139226636, 10280.586076376028, 0.0, 21733.487139226636, 10250.586076376028, 0.0, 21845.549639226636, 10234.586076376028, 0.0, 22226.112139226636, 9810.086076376028, 0.0, 22255.237139226636, 9693.586076376028, 0.0, 22278.987139226636, 9593.586076376028, 0.0, 22295.924639226636, 9513.586076376028, 0.0, 22325.049639226636, 9397.086076376028, 0.0, 21933.487139226636, 9246.086076376028, 0.0, 21948.549639226636, 9204.586076376028, 0.0, 21993.299639226636, 9129.086076376028, 0.0, 22058.487139226636, 9051.086076376028, 0.0, 22127.299639226636, 8999.586076376028, 0.0, 22301.612139226636, 8908.586076376028, 0.0, 22588.987139226636, 9295.086076376028, 0.0, 22596.237139226636, 9238.086076376028, 0.0, 22609.799639226636, 9139.586076376028, 0.0, 22375.237139226636, 8875.586076376028, 0.0, 22621.299639226636, 9074.586076376028, 0.0, 22641.862139226636, 8967.086076376028, 0.0, 22455.799639226636, 8826.586076376028, 0.0, 22506.049639226636, 8793.086076376028, 0.0, 22656.924639226636, 8870.086076376028, 0.0, 22582.362139226636, 8751.586076376028, 0.0, 22671.174639226636, 8797.586076376028, 0.0, 22643.174639226636, 8731.086076376028, 0.0, 22677.424639226636, 8758.086076376028, 0.0, 22678.049639226636, 8726.086076376028, 0.0, 22675.049639226636, 8721.586076376028, 0.0, 22341.987139226636, 9402.586076376028, 0.0, 22374.299639226636, 9410.586076376028, 0.0, 22492.424639226636, 9403.086076376028, 0.0, 22554.924639226636, 9391.586076376028, 0.0, 22577.987139226636, 9380.586076376028, 0.0, 22585.362139226636, 9383.086076376028, 0.0, 22253.487139226636, 8911.086076376028, 0.0, 22146.924639226636, 8968.086076376028, 0.0, 22188.299639226636, 8930.586076376028, 0.0, 22216.924639226636, 8907.586076376028, 0.0, 22166.549639226636, 8935.586076376028, 0.0, 21873.174639226636, 10229.586076376028, 0.0, 22166.987139226636, 10126.586076376028, 0.0, 22142.424639226636, 10252.086076376028, 0.0, 22106.924639226636, 10405.086076376028, 0.0, 21906.049639226636, 10488.086076376028, 0.0, 22065.237139226636, 10604.086076376028, 0.0, 22024.674639226636, 10788.586076376028, 0.0, 21962.237139226636, 10916.086076376028, 0.0, 21996.112139226636, 10927.086076376028, 0.0, 21974.424639226636, 10993.586076376028, 0.0, 21975.987139226636, 10998.086076376028, 0.0, 21090.487139226636, 8696.086076376028, 0.0, 21489.862139226636, 8697.586076376028, 0.0, 21794.299639226636, 8710.586076376028, 0.0, 21909.299639226636, 9213.086076376028, 0.0, 21826.549639226636, 8715.586076376028, 0.0, 21938.112139226636, 9140.586076376028, 0.0, 21984.924639226636, 9028.086076376028, 0.0, 21896.862139226636, 8725.586076376028, 0.0, 22019.424639226636, 8951.086076376028, 0.0, 21948.549639226636, 8747.586076376028, 0.0, 22003.237139226636, 8774.086076376028, 0.0, 22068.924639226636, 8831.086076376028, 0.0, 22053.612139226636, 8803.586076376028, 0.0, 22071.799639226636, 8828.086076376028, 0.0, 20756.674639226636, 8545.086076376028, 0.0, 20744.799639226636, 8536.586076376028, 0.0, 20736.549639226636, 8544.086076376028, 0.0, 20591.924639226636, 8540.586076376028, 0.0, 20474.799639226636, 8426.086076376028, 0.0, 20460.424639226636, 8538.086076376028, 0.0, 20366.862139226636, 8533.086076376028, 0.0, 20221.362139226636, 8523.586076376028, 0.0, 19795.237139226636, 8141.586076376028, 0.0, 20116.049639226636, 8516.086076376028, 0.0, 19965.237139226636, 8500.586076376028, 0.0, 19752.987139226636, 8479.586076376028, 0.0, 19663.862139226636, 8085.086076376028, 0.0, 19440.237139226636, 8438.086076376028, 0.0, 19551.737139226636, 8039.586076376028, 0.0, 19420.487139226636, 7987.086076376028, 0.0, 19235.424639226636, 8422.586076376028, 0.0, 19057.049639226636, 8412.586076376028, 0.0, 19055.612139226636, 7848.586076376028, 0.0, 18986.799639226636, 8407.086076376028, 0.0, 18930.924639226636, 8390.586076376028, 0.0, 18839.049639226636, 8337.586076376028, 0.0, 18689.549639226636, 8254.586076376028, 0.0, 18780.737139226636, 7774.586076376028, 0.0, 18458.799639226636, 8136.086076376028, 0.0, 18468.049639226636, 7705.086076376028, 0.0, 20660.737139226636, 8678.086076376028, 0.0],